Interdimensional Cable 2: Tempting Fate;St. Gloopy Noops Nurse
One Crew Over the Crewcoo's Morty;Heist-Con Receptionist
M. Night Shaym-Aliens!;Prince Nebulon
Rixty Minutes;Man Painted Silver Who Makes Robot Noises
Childrick of Mort;Reggie
Close Rick-counters of the Rick Kind;Solicitor Rick
The Rickshank Rickdemption;Solicitor Rick
Rickmancing the Stone;Blue Footprint Guy
Rest and Ricklaxation;Toxic Rick
Never Ricking Morty;Marcus
Rest and Ricklaxation;Jacqueline
The Wedding Squanchers;Wedding Bartender
Rixty Minutes;Shmlony Shmlicelli
Close Rick-counters of the Rick Kind;Quantum Rick
The Rickshank Rickdemption;Quantum Rick
The ABC's of Beth;Trandor
Rickmancing the Stone;Genital Washer
Close Rick-counters of the Rick Kind;Insurance Rick
Rattlestar Ricklactica;Robot Snake
Get Schwifty;Larva Alien
Interdimensional Cable 2: Tempting Fate;Larva Alien
The Wedding Squanchers;Larva Alien
Never Ricking Morty;Goomby
Big Trouble in Little Sanchez;Boobloosian
The Wedding Squanchers;Boobloosian
The ABC's of Beth;Joseph Eli Lipkip
Promortyus;Old Glorzo
Rixty Minutes;Spiderweb teddy bear
Childrick of Mort;Florflock
The ABC's of Beth;Thomas Lipkip
Pilot;Hookah Alien
Rixty Minutes;Michael Denny and the Denny Singers
The Ricklantis Mixup;Glasses Morty
Promortyus;Shane
Total Rickall;Frankenstein's Monster
A Rickle in Time;Veterinary Nurse
Mortynight Run;Fart
Get Schwifty;Father Bob
Rest and Ricklaxation;Father Bob
Rickmancing the Stone;Taint Washer
Vindicators 3: The Return of Worldender;Noob-Noob
Rest and Ricklaxation;Toxic Morty
Pilot;Frank Palicky
One Crew Over the Crewcoo's Morty;Monitor Lord
Morty's Mind Blowers;Dr. Eleanor Arroway
Rattlestar Ricklactica;Snake Reporter
The Ricklantis Mixup;Bartender Morty
The Old Man and the Seat;Josiah
Rixty Minutes;Ants in my Eyes Johnson
Never Ricking Morty;Shrek The Musical Fan
Vindicators 3: The Return of Worldender;Worldender
Anatomy Park;Hepatitis C
Pickle Rick;Dr. Wong
Star Mort: Rickturn of the Jerri;Dr. Wong
Mortynight Run;Roy's Wife
Rixty Minutes;Trunk Man
The Ricklantis Mixup;Trunk Man
Rickmancing the Stone;Mechanical Summer
Never Ricking Morty;Hairspray Fan
The Ricklantis Mixup;Baby Rick
Mortynight Run;Dr. Schmidt
Rixty Minutes;Hamster In Butt
Interdimensional Cable 2: Tempting Fate;Hamster In Butt
Rattlestar Ricklactica;Pet Shop Employee
Never Ricking Morty;Morty’s Disguise
Mortynight Run;Bearded Jerry
The Ricklantis Mixup;Lizard Morty
Total Rickall;Reverse Giraffe
Promortyus;Bruce
Meeseeks and Destroy;Evil Summer Clone
Rest and Ricklaxation;Mitch
The Old Man and the Seat;Secretary at Tony's
Total Rickall;Bearded Lady
The Whirly Dirly Conspiracy;Risotto Groupon
The Ricks Must Be Crazy;Kyle
Get Schwifty;Ice-T
Rattlestar Ricklactica;Secret Service Snake
The Ricklantis Mixup;Journalist Rick
The Old Man and the Seat;Mountain Sweat Jerry
Auto Erotic Assimilation;Steven Phillips
The Ricklantis Mixup;Dancer Morty
Never Ricking Morty;Josh's Sister
Ricksy Business;Slow Mobius
Raising Gazorpazorp;Morty Jr's interviewer
The Old Man and the Seat;Glootie
The Rickshank Rickdemption;Big Head Morty
Close Rick-counters of the Rick Kind;Cyclops Morty
The Ricklantis Mixup;Cyclops Morty
Claw and Hoarder: Special Ricktim's Morty;Debrah’s Partner
Pilot;Bepisian
Ricksy Business;Bepisian
Interdimensional Cable 2: Tempting Fate;Bepisian
Vindicators 3: The Return of Worldender;Bepisian
Close Rick-counters of the Rick Kind;Chair-person
Anatomy Park;Gonorrhea
The Whirly Dirly Conspiracy;Tusked Assassin
Anatomy Park;Roger
The Rickshank Rickdemption;Yellow Shirt Rick
The Ricklantis Mixup;Steve Jobs Rick
A Rickle in Time;Albert Einstein
Pickle Rick;Katarina
The Old Man and the Seat;Maggie
Pickle Rick;Jaguar
One Crew Over the Crewcoo's Morty;Glar
The Ricklantis Mixup;Reverse Rick Outrage
One Crew Over the Crewcoo's Morty;Randotron
Vindicators 3: The Return of Worldender;Doom-Nomitron
Big Trouble in Little Sanchez;Jerry's Mytholog
One Crew Over the Crewcoo's Morty;Double Microwawe
Raising Gazorpazorp;Pawnshop Clerk
The Old Man and the Seat;Mothership Intern
Close Rick-counters of the Rick Kind;Cowboy Rick
The Ricklantis Mixup;Cowboy Rick
The Whirly Dirly Conspiracy;Lisa
Rick Potion #9;MC Haps
Ricksy Business;MC Haps
Vindicators 3: The Return of Worldender;MC Haps
Mortynight Run;Arcade Alien
Interdimensional Cable 2: Tempting Fate;Arcade Alien
The Wedding Squanchers;Arcade Alien
Vindicators 3: The Return of Worldender;Arcade Alien
The Whirly Dirly Conspiracy;Arcade Alien
Mortynight Run;Paul Fleishman
Rixty Minutes;Shmlonathan Shmlower
The Whirly Dirly Conspiracy;Shmooglite Runner
Rixty Minutes;Baby Legs Chief
Rickmancing the Stone;Mohawk Guy
Close Rick-counters of the Rick Kind;Zeta Alpha Rick
Ricksy Business;Zeta Alpha Rick
The Rickshank Rickdemption;Zeta Alpha Rick
Never Ricking Morty;Professor Sanchez
Promortyus;Troy
Never Ricking Morty;Cookies Guy
Rixty Minutes;Benjamin
Mortynight Run;Benjamin
The Ricks Must Be Crazy;Benjamin
Rixty Minutes;Fulgora
Mortynight Run;Fulgora
The Ricks Must Be Crazy;Fulgora
Rixty Minutes;Quick Mystery Presenter
The Ricks Must Be Crazy;Zeep Xanflorp
The Wedding Squanchers;Photography Cyborg
Claw and Hoarder: Special Ricktim's Morty;Debrah
The Ricklantis Mixup;Slick Morty
Mortynight Run;Shaved Head Jerry
Rattlestar Ricklactica;Snake Linguist
The Rickshank Rickdemption;Rick D-99
Get Schwifty;Armagheadon
The Old Man and the Seat;Richard
Never Ricking Morty;Mr. Celery & Friends
Close Rick-counters of the Rick Kind;Pizza-person
The Ricklantis Mixup;Bootleg Portal Chemist Rick
Never Ricking Morty;Female Scorpion
M. Night Shaym-Aliens!;Cynthia
Rick Potion #9;Cronenberg Rick
Close Rick-counters of the Rick Kind;Cronenberg Rick
One Crew Over the Crewcoo's Morty;Key Catcher
The Ricklantis Mixup;Garment District Rick
Ricksy Business;Lucy
The Ricks Must Be Crazy;Hunter
Get Schwifty;General Nathan
Close Rick-counters of the Rick Kind;Rick Prime
The Rickshank Rickdemption;Rick Prime
M. Night Shaym-Aliens!;Stu
Ricksy Business;Birdperson
Get Schwifty;Birdperson
The Wedding Squanchers;Birdperson
The Rickshank Rickdemption;Birdperson
The Whirly Dirly Conspiracy;Birdperson
The Rickchurian Mortydate;Steve
Rixty Minutes;Mrs. Sullivan's Boyfriend
Meeseeks and Destroy;Tammy Guetermann
Rick Potion #9;Tammy Guetermann
Vindicators 3: The Return of Worldender;Supernova
Never Ricking Morty;Leah
Auto Erotic Assimilation;Karen Entity
The Whirly Dirly Conspiracy;Risotto's Tentacled Henchman
Anatomy Park;Bill
Rixty Minutes;Shmlona Shmlobinson
Ricksy Business;Giant Testicle Monster
Mortynight Run;Giant Testicle Monster
Lawnmower Dog;Melissa
Rest and Ricklaxation;Abadango Cluster Princess
Pickle Rick;Agency Director
Rick Potion #9;Cronenberg Morty
Close Rick-counters of the Rick Kind;Cronenberg Morty
Lawnmower Dog;Scary Teacher
Close Rick-counters of the Rick Kind;The Scientist Formerly Known as Rick
One Crew Over the Crewcoo's Morty;Snake Arms
Rixty Minutes;Piece of Toast
The Ricks Must Be Crazy;Piece of Toast
The Ricklantis Mixup;Body Guard Morty
Total Rickall;Ghost in a Jar
Close Rick-counters of the Rick Kind;Alien Rick
Rattlestar Ricklactica;Snake Soldier
Claw and Hoarder: Special Ricktim's Morty;The Wizard
Get Schwifty;Hydrogen-F
The Ricklantis Mixup;Lizard
Close Rick-counters of the Rick Kind;Robot Rick
Morty's Mind Blowers;Chang
The Ricklantis Mixup;Rick J-22
Total Rickall;Photography Raptor
Interdimensional Cable 2: Tempting Fate;Funny Songs Presenter
The Ricklantis Mixup;Slow Rick
Rixty Minutes;Johnny Depp
Close Rick-counters of the Rick Kind;Super Weird Rick
Pilot;Morty Smith
Lawnmower Dog;Morty Smith
Anatomy Park;Morty Smith
M. Night Shaym-Aliens!;Morty Smith
Meeseeks and Destroy;Morty Smith
Rick Potion #9;Morty Smith
Raising Gazorpazorp;Morty Smith
Rixty Minutes;Morty Smith
Something Ricked This Way Comes;Morty Smith
Close Rick-counters of the Rick Kind;Morty Smith
Ricksy Business;Morty Smith
A Rickle in Time;Morty Smith
Mortynight Run;Morty Smith
Auto Erotic Assimilation;Morty Smith
Total Rickall;Morty Smith
Get Schwifty;Morty Smith
The Ricks Must Be Crazy;Morty Smith
Big Trouble in Little Sanchez;Morty Smith
Interdimensional Cable 2: Tempting Fate;Morty Smith
Look Who's Purging Now;Morty Smith
The Wedding Squanchers;Morty Smith
The Rickshank Rickdemption;Morty Smith
Rickmancing the Stone;Morty Smith
Pickle Rick;Morty Smith
Vindicators 3: The Return of Worldender;Morty Smith
The Whirly Dirly Conspiracy;Morty Smith
Rest and Ricklaxation;Morty Smith
The Ricklantis Mixup;Morty Smith
Morty's Mind Blowers;Morty Smith
The ABC's of Beth;Morty Smith
The Rickchurian Mortydate;Morty Smith
The Old Man and the Seat;Morty Smith
One Crew Over the Crewcoo's Morty;Morty Smith
Claw and Hoarder: Special Ricktim's Morty;Morty Smith
Rattlestar Ricklactica;Morty Smith
Never Ricking Morty;Morty Smith
Promortyus;Morty Smith
The Vat of Acid Episode;Morty Smith
Childrick of Mort;Morty Smith
Star Mort: Rickturn of the Jerri;Morty Smith
Rest and Ricklaxation;Little Voltron
Lawnmower Dog;Creepy Little Girl
Morty's Mind Blowers;Gobo
The Old Man and the Seat;Tony’s Wife
Claw and Hoarder: Special Ricktim's Morty;Chachi
The Vat of Acid Episode;Morty’s Father-in-law
Rixty Minutes;Muscular Mannie
Lawnmower Dog;Accountant dog
Promortyus;Council of Glorzos Member
Close Rick-counters of the Rick Kind;Cult Leader Morty
The Ricklantis Mixup;Juggling Rick
A Rickle in Time;Michael's Lawyer
One Crew Over the Crewcoo's Morty;Netflix Executive
The Wedding Squanchers;Lil B
Rickmancing the Stone;Mechanical Rick
Close Rick-counters of the Rick Kind;Phone-person
Rixty Minutes;Guy from The Bachelor
Close Rick-counters of the Rick Kind;Antenna Morty
The Ricklantis Mixup;Antenna Morty
Mortynight Run;Gear Cop
Interdimensional Cable 2: Tempting Fate;Butthole Ice Cream Guy
Vindicators 3: The Return of Worldender;Alan Rails
Vindicators 3: The Return of Worldender;Crocubot
Pickle Rick;Pickle Rick
Star Mort: Rickturn of the Jerri;Defiance Doctor
Interdimensional Cable 2: Tempting Fate;Michael McLick
Rick Potion #9;Nancy
Something Ricked This Way Comes;Nancy
Ricksy Business;Nancy
Vindicators 3: The Return of Worldender;Nancy
Morty's Mind Blowers;Nancy
Rattlestar Ricklactica;Nancy
One Crew Over the Crewcoo's Morty;Gramuflackian General
Mortynight Run;Jerry 5-126
Rixty Minutes;Baby Legs
Mortynight Run;Krombopulos Michael
Never Ricking Morty;Train Cop
Anatomy Park;Tuberculosis
Anatomy Park;Ethan
Star Mort: Rickturn of the Jerri;Defiance Beth
The Ricklantis Mixup;P-Coat Rick
Mortynight Run;Tank Top Jerry
The Vat of Acid Episode;Crystal Dealer
The Ricklantis Mixup;Colonial Rick
Get Schwifty;Magnesium-J
Claw and Hoarder: Special Ricktim's Morty;Shadow Jacker
Never Ricking Morty;Floaty Bloody Man’s Daughter
Rixty Minutes;Shmlamantha Shmlicelli
Anatomy Park;Joyce Smith
Rixty Minutes;Regular Tyrion Lannister
Pilot;Glenn
Rixty Minutes;Two Brothers
The Rickshank Rickdemption;Lawyer Morty
Never Ricking Morty;Ruth Bader Ginsburg
Look Who's Purging Now;General Store Owner
Rixty Minutes;Mrs. Sullivan
Rixty Minutes;Loggins
Mortynight Run;Loggins
The Ricks Must Be Crazy;Loggins
The Ricklantis Mixup;Private Sector Rick
Rattlestar Ricklactica;Snake Hitler
Interdimensional Cable 2: Tempting Fate;Yellow Headed Doctor
Raising Gazorpazorp;Ma-Sha
The Rickshank Rickdemption;Dipper and Mabel Mortys
Rickmancing the Stone;Slaveowner
Big Trouble in Little Sanchez;Flansian
The Wedding Squanchers;Flansian
Vindicators 3: The Return of Worldender;Flansian
The Ricklantis Mixup;Visor Rick
Close Rick-counters of the Rick Kind;Alien Morty
Something Ricked This Way Comes;King Flippy Nips
The Rickchurian Mortydate;Baby Poopybutthole
The Old Man and the Seat;Tony's Dad
The Ricklantis Mixup;Morty K-22
The Rickchurian Mortydate;Alien Googah
Never Ricking Morty;Uncle Nibbles
Anatomy Park;Alexander
A Rickle in Time;Mr. Benson
Rixty Minutes;Mr. Sneezy
Close Rick-counters of the Rick Kind;Long Sleeved Morty
Never Ricking Morty;Rick’s Disguise
Never Ricking Morty;Darth Poopybutthole
Close Rick-counters of the Rick Kind;Riq IV
Ricksy Business;Riq IV
The Rickshank Rickdemption;Riq IV
The Rickshank Rickdemption;Teleportation's Responsible Rick
Close Rick-counters of the Rick Kind;Ricktiminus Sancheziminius
The Rickshank Rickdemption;Ricktiminus Sancheziminius
Never Ricking Morty;Crossy
Auto Erotic Assimilation;Daron Jefferson
Interdimensional Cable 2: Tempting Fate;Shrimply Pibbles
Vindicators 3: The Return of Worldender;Calypso
Meeseeks and Destroy;Judge
Pilot;Jessica
M. Night Shaym-Aliens!;Jessica
Rick Potion #9;Jessica
Rixty Minutes;Michael Jackson
The Old Man and the Seat;Deliverance
Rixty Minutes;Garmanarnar
The Old Man and the Seat;Priest Witherspoon
Never Ricking Morty;Musical Fan
The Old Man and the Seat;Monogatron Leader
Claw and Hoarder: Special Ricktim's Morty;Balthromaw
The Whirly Dirly Conspiracy;Gibble Snake
Rixty Minutes;Regular Legs
Get Schwifty;Simon
Pilot;Rick Sanchez
Lawnmower Dog;Rick Sanchez
Anatomy Park;Rick Sanchez
M. Night Shaym-Aliens!;Rick Sanchez
Meeseeks and Destroy;Rick Sanchez
Rick Potion #9;Rick Sanchez
Raising Gazorpazorp;Rick Sanchez
Rixty Minutes;Rick Sanchez
Something Ricked This Way Comes;Rick Sanchez
Close Rick-counters of the Rick Kind;Rick Sanchez
Ricksy Business;Rick Sanchez
A Rickle in Time;Rick Sanchez
Mortynight Run;Rick Sanchez
Auto Erotic Assimilation;Rick Sanchez
Total Rickall;Rick Sanchez
Get Schwifty;Rick Sanchez
The Ricks Must Be Crazy;Rick Sanchez
Big Trouble in Little Sanchez;Rick Sanchez
Interdimensional Cable 2: Tempting Fate;Rick Sanchez
Look Who's Purging Now;Rick Sanchez
The Wedding Squanchers;Rick Sanchez
The Rickshank Rickdemption;Rick Sanchez
Rickmancing the Stone;Rick Sanchez
Pickle Rick;Rick Sanchez
Vindicators 3: The Return of Worldender;Rick Sanchez
The Whirly Dirly Conspiracy;Rick Sanchez
Rest and Ricklaxation;Rick Sanchez
The Ricklantis Mixup;Rick Sanchez
Morty's Mind Blowers;Rick Sanchez
The ABC's of Beth;Rick Sanchez
The Rickchurian Mortydate;Rick Sanchez
The Old Man and the Seat;Rick Sanchez
One Crew Over the Crewcoo's Morty;Rick Sanchez
Claw and Hoarder: Special Ricktim's Morty;Rick Sanchez
Rattlestar Ricklactica;Rick Sanchez
Never Ricking Morty;Rick Sanchez
Promortyus;Rick Sanchez
The Vat of Acid Episode;Rick Sanchez
Childrick of Mort;Rick Sanchez
Star Mort: Rickturn of the Jerri;Rick Sanchez
Get Schwifty;Arbolian Mentirososian
Interdimensional Cable 2: Tempting Fate;Arbolian Mentirososian
The Wedding Squanchers;Arbolian Mentirososian
Interdimensional Cable 2: Tempting Fate;Tax Attorney
Rixty Minutes;Two Guys with Handlebar Mustaches
Meeseeks and Destroy;Mr. Meeseeks
Close Rick-counters of the Rick Kind;Mr. Meeseeks
Mortynight Run;Mr. Meeseeks
Morty's Mind Blowers;Mr. Meeseeks
Rick Potion #9;Jerry Smith
Raising Gazorpazorp;Jerry Smith
Rixty Minutes;Jerry Smith
Something Ricked This Way Comes;Jerry Smith
Close Rick-counters of the Rick Kind;Jerry Smith
Ricksy Business;Jerry Smith
A Rickle in Time;Jerry Smith
Mortynight Run;Jerry Smith
Auto Erotic Assimilation;Jerry Smith
Total Rickall;Jerry Smith
Get Schwifty;Jerry Smith
Big Trouble in Little Sanchez;Jerry Smith
Interdimensional Cable 2: Tempting Fate;Jerry Smith
Look Who's Purging Now;Jerry Smith
The Wedding Squanchers;Jerry Smith
The Rickshank Rickdemption;Jerry Smith
Rickmancing the Stone;Jerry Smith
The Whirly Dirly Conspiracy;Jerry Smith
Morty's Mind Blowers;Jerry Smith
The ABC's of Beth;Jerry Smith
The Rickchurian Mortydate;Jerry Smith
The Old Man and the Seat;Jerry Smith
Claw and Hoarder: Special Ricktim's Morty;Jerry Smith
Rattlestar Ricklactica;Jerry Smith
Promortyus;Jerry Smith
The Vat of Acid Episode;Jerry Smith
Childrick of Mort;Jerry Smith
Star Mort: Rickturn of the Jerri;Jerry Smith
Interdimensional Cable 2: Tempting Fate;Michael
The Ricklantis Mixup;Investigator Rick
Interdimensional Cable 2: Tempting Fate;Shlaammi
Pilot;Mrs. Sanchez
Rick Potion #9;Mrs. Sanchez
Auto Erotic Assimilation;Mrs. Sanchez
The ABC's of Beth;Mrs. Sanchez
Childrick of Mort;Squeeb
Interdimensional Cable 2: Tempting Fate;Dr. Glip-Glop
The Vat of Acid Episode;Morty’s Mother-in-law
Anatomy Park;Bubonic Plague
Mortynight Run;Zarbadar Gloonch
Big Trouble in Little Sanchez;Zarbadar Gloonch
Close Rick-counters of the Rick Kind;Cyclops Rick
The Rickshank Rickdemption;Cyclops Rick
The Ricklantis Mixup;Cyclops Rick
Big Trouble in Little Sanchez;Toby Matthews
The Ricklantis Mixup;Plumber Rick
Anatomy Park;Jacob
Total Rickall;Jacob
Interdimensional Cable 2: Tempting Fate;Pichael Thompson
Interdimensional Cable 2: Tempting Fate;Phillip Jacobs
A Rickle in Time;Veterinary
Anatomy Park;Dr. Xenon Bloom
Rickmancing the Stone;Armothy
Meeseeks and Destroy;Slippery Stair
Ricksy Business;Slippery Stair
Vindicators 3: The Return of Worldender;Million Ants
The Ricklantis Mixup;Cop Rick
The Ricklantis Mixup;Dancer Cowboy Morty
Close Rick-counters of the Rick Kind;Aqua Rick
The Rickshank Rickdemption;Aqua Rick
The Ricklantis Mixup;Aqua Rick
The Rickshank Rickdemption;Diane Sanchez
Anatomy Park;Poncho
A Rickle in Time;Chris
Meeseeks and Destroy;Evil Beth Clone
One Crew Over the Crewcoo's Morty;Ventriloquiver
One Crew Over the Crewcoo's Morty;Angie Flint
Never Ricking Morty;Storylord
The Ricklantis Mixup;Rick D716
Meeseeks and Destroy;Stair Goblin
Ricksy Business;Stair Goblin
Vindicators 3: The Return of Worldender;Stair Goblin
Childrick of Mort;Gaia
Mortynight Run;Scrotian
Get Schwifty;Scrotian
The Wedding Squanchers;Scrotian
Vindicators 3: The Return of Worldender;Scrotian
The Rickshank Rickdemption;Weird Rick
The Ricklantis Mixup;Cop Morty
Interdimensional Cable 2: Tempting Fate;Little Dipper
The Ricklantis Mixup;Rick Guilt Rick
Promortyus;Angry Glorzo
Rickmancing the Stone;Mechanical Morty
The Rickshank Rickdemption;Borpocian
Anatomy Park;Eric McMan
Rixty Minutes;Gazorpazorpfield
Mortynight Run;Gazorpazorpfield
The Old Man and the Seat;Danny Publitz
The Ricklantis Mixup;Morty Mart Manager Morty
Rest and Ricklaxation;Stacy
Rick Potion #9;Harold
Mortynight Run;Shimshamian
The Wedding Squanchers;Shimshamian
Vindicators 3: The Return of Worldender;Shimshamian
Auto Erotic Assimilation;Jeff
The Rickchurian Mortydate;Secretary of the Interior
Close Rick-counters of the Rick Kind;Maximums Rickimus
The Rickshank Rickdemption;Maximums Rickimus
Raising Gazorpazorp;Veronica Ann Bennet
Big Trouble in Little Sanchez;Goddess Beth
The Ricklantis Mixup;Sheik Rick
Total Rickall;Pencilvester
Rixty Minutes;Jon
Mortynight Run;Garblovian
Interdimensional Cable 2: Tempting Fate;Garblovian
The Wedding Squanchers;Garblovian
Rixty Minutes;Hole in the Wall Where the Men Can See it All
Interdimensional Cable 2: Tempting Fate;Michael Jenkins
Rattlestar Ricklactica;Anchosnake
Rixty Minutes;Giant Cat Monster
Rixty Minutes;Pro trunk people marriage guy
Meeseeks and Destroy;King Jellybean
The Wedding Squanchers;Galactic Federation President
The Ricklantis Mixup;Rick D716-C
Never Ricking Morty;Floaty Non-Gasm Brotherhood Member
The Rickshank Rickdemption;Black Rick
The Ricklantis Mixup;Black Rick
Close Rick-counters of the Rick Kind;Chair-homeless
Rixty Minutes;Unmuscular Michael
Close Rick-counters of the Rick Kind;Evil Morty
The Ricklantis Mixup;Evil Morty
The Ricks Must Be Crazy;Hunter's Father
Lawnmower Dog;Centaur
Interdimensional Cable 2: Tempting Fate;Randy Dicknose
Rattlestar Ricklactica;Snake with Legs
Total Rickall;Mrs. Refrigerator
The Ricklantis Mixup;Secret Service Rick
One Crew Over the Crewcoo's Morty;The Shapeshiftress
Close Rick-counters of the Rick Kind;Doofus Rick
The Rickshank Rickdemption;Doofus Rick
Big Trouble in Little Sanchez;Zarbadar's Mytholog
Lawnmower Dog;Scary Brandon
The Ricklantis Mixup;Fat Morty
The Ricks Must Be Crazy;Tree Person
Interdimensional Cable 2: Tempting Fate;Nano Doctor
Meeseeks and Destroy;Evil Jerry Clone
The Vat of Acid Episode;SWAT Officer
Rattlestar Ricklactica;Bar Customer
Morty's Mind Blowers;Beebo
Interdimensional Cable 2: Tempting Fate;Blue Diplomat
Something Ricked This Way Comes;Scroopy Noopers
Morty's Mind Blowers;Voltematron
Big Trouble in Little Sanchez;Vampire Master
The Ricklantis Mixup;Rick D716-B
The Ricklantis Mixup;Rick K-22
Lawnmower Dog;Scary Glenn
The Vat of Acid Episode;Heroine Keith
Morty's Mind Blowers;Truth Tortoise
Never Ricking Morty;The Concept of Time
Close Rick-counters of the Rick Kind;Blue Shirt Morty
Morty's Mind Blowers;Zick Zack
One Crew Over the Crewcoo's Morty;Truckula
Close Rick-counters of the Rick Kind;Eric Stoltz Mask Morty
Ricksy Business;Traflorkian
Mortynight Run;Traflorkian
Interdimensional Cable 2: Tempting Fate;Traflorkian
The Wedding Squanchers;Traflorkian
Vindicators 3: The Return of Worldender;Traflorkian
Pilot;Jessica's Friend
M. Night Shaym-Aliens!;Jessica's Friend
Rick Potion #9;Jessica's Friend
Ricksy Business;Jessica's Friend
The Ricks Must Be Crazy;Jessica's Friend
Big Trouble in Little Sanchez;Jessica's Friend
Vindicators 3: The Return of Worldender;Jessica's Friend
Rest and Ricklaxation;Jessica's Friend
Vindicators 3: The Return of Worldender;Diablo Verde
Interdimensional Cable 2: Tempting Fate;Jan-Michael Vincent
Lawnmower Dog;Snuffles (Snowball)
Raising Gazorpazorp;Snuffles (Snowball)
Close Rick-counters of the Rick Kind;Snuffles (Snowball)
Total Rickall;Snuffles (Snowball)
Get Schwifty;Snuffles (Snowball)
Pickle Rick;Snuffles (Snowball)
Morty's Mind Blowers;Snuffles (Snowball)
The ABC's of Beth;Snuffles (Snowball)
Never Ricking Morty;Sarge
Never Ricking Morty;Biblesaurus
Rick Potion #9;Summer Smith
Raising Gazorpazorp;Summer Smith
Rixty Minutes;Summer Smith
Something Ricked This Way Comes;Summer Smith
Close Rick-counters of the Rick Kind;Summer Smith
Ricksy Business;Summer Smith
A Rickle in Time;Summer Smith
Auto Erotic Assimilation;Summer Smith
Total Rickall;Summer Smith
Get Schwifty;Summer Smith
The Ricks Must Be Crazy;Summer Smith
Big Trouble in Little Sanchez;Summer Smith
Interdimensional Cable 2: Tempting Fate;Summer Smith
Look Who's Purging Now;Summer Smith
The Wedding Squanchers;Summer Smith
The Rickshank Rickdemption;Summer Smith
Rickmancing the Stone;Summer Smith
Pickle Rick;Summer Smith
Vindicators 3: The Return of Worldender;Summer Smith
The Whirly Dirly Conspiracy;Summer Smith
Rest and Ricklaxation;Summer Smith
Morty's Mind Blowers;Summer Smith
The ABC's of Beth;Summer Smith
The Rickchurian Mortydate;Summer Smith
The Old Man and the Seat;Summer Smith
One Crew Over the Crewcoo's Morty;Summer Smith
Claw and Hoarder: Special Ricktim's Morty;Summer Smith
Rattlestar Ricklactica;Summer Smith
Promortyus;Summer Smith
The Vat of Acid Episode;Summer Smith
Childrick of Mort;Summer Smith
Star Mort: Rickturn of the Jerri;Summer Smith
Total Rickall;Sleepy Gary
Rest and Ricklaxation;Alien Spa Employee
Rattlestar Ricklactica;Snake Resistance Robot
Interdimensional Cable 2: Tempting Fate;Eyehole Man
The Ricklantis Mixup;Cool Rick
Total Rickall;Tinkles
Meeseeks and Destroy;Samantha
Claw and Hoarder: Special Ricktim's Morty;Slut Dragon
One Crew Over the Crewcoo's Morty;Elon Tusk
Anatomy Park;Annie
Rickmancing the Stone;Hemorrhage
Get Schwifty;Jim
Anatomy Park;Tom Randolph
The Ricklantis Mixup;Flower Morty
Rickmancing the Stone;Eli
Ricksy Business;Scropon
The Wedding Squanchers;Scropon
Rixty Minutes;Attila Starwar
Mortynight Run;Attila Starwar
The Ricks Must Be Crazy;Attila Starwar
The Ricklantis Mixup;Modern Rick
Get Schwifty;Orthodox Jew
Get Schwifty;Numbericon
The Rickshank Rickdemption;Roy
The Rickshank Rickdemption;Phoenixperson
Star Mort: Rickturn of the Jerri;Phoenixperson
Meeseeks and Destroy;Dale
Never Ricking Morty;Ramamama Lord
Lawnmower Dog;Trunkphobic suspenders guy
Rixty Minutes;Trunkphobic suspenders guy
Close Rick-counters of the Rick Kind;Trunkphobic suspenders guy
Ricksy Business;Trunkphobic suspenders guy
Lawnmower Dog;Snuffles
Raising Gazorpazorp;Snuffles
Close Rick-counters of the Rick Kind;Snuffles
Total Rickall;Snuffles
Get Schwifty;Snuffles
Pickle Rick;Snuffles
Morty's Mind Blowers;Snuffles
The ABC's of Beth;Snuffles
Total Rickall;Uncle Steve
The Wedding Squanchers;Donna Gueterman
Something Ricked This Way Comes;Mr. Needful
Anatomy Park;Ruben
Rixty Minutes;Trunkphobic guy
Vindicators 3: The Return of Worldender;Logic
Rixty Minutes;Old Women
Pilot;Pripudlian
Ricksy Business;Pripudlian
Interdimensional Cable 2: Tempting Fate;Pripudlian
Vindicators 3: The Return of Worldender;Pripudlian
The Old Man and the Seat;Monogatron Queen
The Ricklantis Mixup;Retired General Rick
The Ricklantis Mixup;Regional Manager Rick
Big Trouble in Little Sanchez;Self-Congratulatory Jerry
Rattlestar Ricklactica;80's snake
Morty's Mind Blowers;Gordon Lunas
The ABC's of Beth;Varrix
Never Ricking Morty;Train Cops Instructor
The ABC's of Beth;Tommy's Clone
The Ricklantis Mixup;Trunk Morty
Mortynight Run;Anchor Gear
Auto Erotic Assimilation;Beta-Seven
Auto Erotic Assimilation;Blim Blam
Vindicators 3: The Return of Worldender;Vance Maximus
The Rickshank Rickdemption;Commander Rick
Big Trouble in Little Sanchez;Beth's Mytholog
The Rickchurian Mortydate;Invisi-trooper
Rattlestar Ricklactica;Snake Terminator
Auto Erotic Assimilation;Ron Benson
Rixty Minutes;Celebrity Jerry
The Ricklantis Mixup;Mortytown Loco
Meeseeks and Destroy;Giant Judge
Raising Gazorpazorp;Morty Jr.
Big Trouble in Little Sanchez;Vampire Master's Assistant
Star Mort: Rickturn of the Jerri;Defiance Squanchette
Total Rickall;Amish Cyborg
Star Mort: Rickturn of the Jerri;New Improved Galactic Federation Guard
The Vat of Acid Episode;Plane Crash Survivor
The ABC's of Beth;Keara
Meeseeks and Destroy;Mr. Booby Buyer
Total Rickall;Duck With Muscles
Big Trouble in Little Sanchez;Glexo Slim Slom
Total Rickall;Hamurai
Pilot;Davin
Rick Potion #9;Davin
Never Ricking Morty;Floaty Non-Gasm Brotherhood Member Friend
One Crew Over the Crewcoo's Morty;Gramuflackian Anchorman
Meeseeks and Destroy;Tiny-persons advocacy group lawyer
The Rickshank Rickdemption;Conroy
The Ricklantis Mixup;Teacher Rick
Lawnmower Dog;Fido
The Ricklantis Mixup;Hairdresser Rick
The Ricklantis Mixup;Bearded Morty
Auto Erotic Assimilation;Unity
Rattlestar Ricklactica;PC Basketball Player
The Ricklantis Mixup;Rick D. Sanchez III
The Rickshank Rickdemption;Communication's Responsible Rick
The Wedding Squanchers;Kozbian
Rixty Minutes;Shmlangela Shmlobinson-Shmlower
Close Rick-counters of the Rick Kind;Cowboy Morty
M. Night Shaym-Aliens!;Mr. Marklovitz
Get Schwifty;Mr. Marklovitz
Never Ricking Morty;Mike Johnson
Vindicators 3: The Return of Worldender;Lady Katana
Close Rick-counters of the Rick Kind;Robot Morty
Interdimensional Cable 2: Tempting Fate;Fleeb
Never Ricking Morty;Phantom of the Opera Fan
Rixty Minutes;David Letterman
Rickmancing the Stone;Eli's Girlfriend
The Rickchurian Mortydate;Presidentress of The Mega Gargantuans
Rixty Minutes;Bobby Moynihan
Close Rick-counters of the Rick Kind;Brad
Ricksy Business;Brad
Ricksy Business;Squanchy
Get Schwifty;Squanchy
The Wedding Squanchers;Squanchy
Get Schwifty;Magma-Q
Lawnmower Dog;Scary Terry
Something Ricked This Way Comes;Rich Plutonian
Pilot;Greebybobe
Ricksy Business;Greebybobe
Get Schwifty;Greebybobe
Vindicators 3: The Return of Worldender;Greebybobe
Claw and Hoarder: Special Ricktim's Morty;Talking Cat
Never Ricking Morty;Cats Fan
Close Rick-counters of the Rick Kind;Greasy Grandma
The Rickshank Rickdemption;Wall Crawling Rick
The Whirly Dirly Conspiracy;Tricia Lange
Rest and Ricklaxation;Tricia Lange
Rattlestar Ricklactica;Tricia Lange
Promortyus;Tricia Lange
Close Rick-counters of the Rick Kind;Crab Spider
Close Rick-counters of the Rick Kind;Tortured Morty
Lawnmower Dog;Terry
Look Who's Purging Now;Purge Planet Ruler
Mortynight Run;Jerryboree Keeper
M. Night Shaym-Aliens!;Kevin
Anatomy Park;E. Coli
Interdimensional Cable 2: Tempting Fate;Yaarb
Ricksy Business;Synthetic Laser Eels
One Crew Over the Crewcoo's Morty;Miles Knightly
The Whirly Dirly Conspiracy;Morphizer-XE Customer Support
Lawnmower Dog;Mrs. Pancakes
Rest and Ricklaxation;Mrs. Pancakes
Something Ricked This Way Comes;Plutonian Hostess
Interdimensional Cable 2: Tempting Fate;Michael Thompson
The Rickshank Rickdemption;SEAL Team Rick
The Ricklantis Mixup;Mega Fruit Farmer Rick
The Vat of Acid Episode;Crystal Dealers Boss
Raising Gazorpazorp;Jackie
Rixty Minutes;Beth Sanchez
Big Trouble in Little Sanchez;Ideal Jerry
Ricksy Business;Revolio Clockberg Jr.
Mortynight Run;Revolio Clockberg Jr.
Vindicators 3: The Return of Worldender;Revolio Clockberg Jr.
Pilot;Canklanker Thom
Never Ricking Morty;Tickets Please Guy
Total Rickall;Baby Wizard
The Whirly Dirly Conspiracy;Shnoopy Bloopers
Raising Gazorpazorp;Gwendolyn
Close Rick-counters of the Rick Kind;Woman Rick
Raising Gazorpazorp;Brad Anderson
The Vat of Acid Episode;Johnny Carson
Rixty Minutes;Alien Mexican Armada
Rixty Minutes;Tophat Jones
Big Trouble in Little Sanchez;Tophat Jones
The Wedding Squanchers;Tophat Jones
Close Rick-counters of the Rick Kind;Aqua Morty
The Rickshank Rickdemption;Aqua Morty
Rickmancing the Stone;Colossus
Big Trouble in Little Sanchez;Coach Feratu (Balik Alistane)
Total Rickall;Mr. Beauregard
Rixty Minutes;Kristen Stewart
The Vat of Acid Episode;Morty’s Girlfriend
Rattlestar Ricklactica;Snake Lincoln
Rattlestar Ricklactica;Slippy
Mortynight Run;Pink Polo Shirt Jerry
The Old Man and the Seat;Vermigurber
Close Rick-counters of the Rick Kind;Artist Morty
The Ricklantis Mixup;Artist Morty
Rixty Minutes;Real Fake Doors Salesman
Interdimensional Cable 2: Tempting Fate;Traflorkian Journalist
Anatomy Park;Hepatitis A
Anatomy Park;Leonard Smith
Big Trouble in Little Sanchez;Tiny Rick
The Ricklantis Mixup;Simple Rick
Never Ricking Morty;Train Cops
Rattlestar Ricklactica;Cavesnake
Rattlestar Ricklactica;High Pilot
Pickle Rick;Rat Boss
The Rickchurian Mortydate;Mrs. Poopybutthole
Look Who's Purging Now;Arthricia
Pilot;Mr. Goldenfold
Lawnmower Dog;Mr. Goldenfold
M. Night Shaym-Aliens!;Mr. Goldenfold
Rick Potion #9;Mr. Goldenfold
The Wedding Squanchers;Courier Flap
The Ricklantis Mixup;Adjudicator Rick
Total Rickall;Cousin Nicky
The Ricklantis Mixup;Purple Morty
Mortynight Run;Gar Gloonch
Big Trouble in Little Sanchez;Gar Gloonch
The Wedding Squanchers;Gar Gloonch
One Crew Over the Crewcoo's Morty;Heistotron
The Wedding Squanchers;Pat Gueterman
Close Rick-counters of the Rick Kind;Evil Rick
Interdimensional Cable 2: Tempting Fate;Octopus Man
Get Schwifty;Jamey
Close Rick-counters of the Rick Kind;Chair-waiter
Interdimensional Cable 2: Tempting Fate;Blamph
The Ricklantis Mixup;Tan Rick
Close Rick-counters of the Rick Kind;Abradolf Lincler
Ricksy Business;Abradolf Lincler
Pickle Rick;Concerto
A Rickle in Time;Shleemypants
Rattlestar Ricklactica;Shleemypants
Interdimensional Cable 2: Tempting Fate;Stealy
The Rickshank Rickdemption;Cornvelious Daniel
Mortynight Run;Jerryboree Receptionist
Never Ricking Morty;Josh
Interdimensional Cable 2: Tempting Fate;Pibbles Bodyguard
Something Ricked This Way Comes;Plutonian Host
Total Rickall;Mr. Poopybutthole
The Wedding Squanchers;Mr. Poopybutthole
Morty's Mind Blowers;Mr. Poopybutthole
The ABC's of Beth;Mr. Poopybutthole
The Rickchurian Mortydate;Mr. Poopybutthole
One Crew Over the Crewcoo's Morty;Mr. Poopybutthole
The Rickshank Rickdemption;Morty Rick
The Wedding Squanchers;Bartender
The Vat of Acid Episode;Sonia Sotomayor
Big Trouble in Little Sanchez;Gar's Mytholog
Look Who's Purging Now;Taddy Mason
The Ricks Must Be Crazy;The President of the Miniverse
Mortynight Run;Roy's Mum
Pickle Rick;Izzy
Pilot;Principal Vagina
Meeseeks and Destroy;Principal Vagina
Rick Potion #9;Principal Vagina
The Ricklantis Mixup;Big Morty
The Old Man and the Seat;Tony
Close Rick-counters of the Rick Kind;Doopidoo
Morty's Mind Blowers;Collector
Close Rick-counters of the Rick Kind;Hammerhead Morty
The Rickshank Rickdemption;Hammerhead Morty
Never Ricking Morty;Jesus Christ
Meeseeks and Destroy;Big Boobed Waitress
Mortynight Run;Roy's Son
Never Ricking Morty;Private Smith
Close Rick-counters of the Rick Kind;Antenna Rick
Get Schwifty;The President
The Rickchurian Mortydate;The President
Childrick of Mort;Ticktock
Look Who's Purging Now;Lighthouse Keeper
The Vat of Acid Episode;Impervious to Acid SWAT Officer
The Whirly Dirly Conspiracy;Gene
The Ricklantis Mixup;Campaign Manager Morty
Rixty Minutes;Three Unknown Things
Rixty Minutes;Corn detective
Interdimensional Cable 2: Tempting Fate;Tumblorkian
Never Ricking Morty;Floaty Bloody Man
One Crew Over the Crewcoo's Morty;Hephaestus
The Old Man and the Seat;Running Bird
Rick Potion #9;Beth Smith
Raising Gazorpazorp;Beth Smith
Rixty Minutes;Beth Smith
Something Ricked This Way Comes;Beth Smith
Close Rick-counters of the Rick Kind;Beth Smith
Ricksy Business;Beth Smith
A Rickle in Time;Beth Smith
Auto Erotic Assimilation;Beth Smith
Total Rickall;Beth Smith
Get Schwifty;Beth Smith
Big Trouble in Little Sanchez;Beth Smith
Interdimensional Cable 2: Tempting Fate;Beth Smith
Look Who's Purging Now;Beth Smith
The Wedding Squanchers;Beth Smith
The Rickshank Rickdemption;Beth Smith
Rickmancing the Stone;Beth Smith
Pickle Rick;Beth Smith
Vindicators 3: The Return of Worldender;Beth Smith
The Whirly Dirly Conspiracy;Beth Smith
Rest and Ricklaxation;Beth Smith
The Ricklantis Mixup;Beth Smith
Morty's Mind Blowers;Beth Smith
The ABC's of Beth;Beth Smith
The Rickchurian Mortydate;Beth Smith
The Old Man and the Seat;Beth Smith
One Crew Over the Crewcoo's Morty;Beth Smith
Claw and Hoarder: Special Ricktim's Morty;Beth Smith
Rattlestar Ricklactica;Beth Smith
Promortyus;Beth Smith
The Vat of Acid Episode;Beth Smith
Childrick of Mort;Beth Smith
Star Mort: Rickturn of the Jerri;Beth Smith
The ABC's of Beth;Mrs. Lipkip
Never Ricking Morty;Christmas Storyteller
Auto Erotic Assimilation;Todd Crystal
